<?xml version="1.0" encoding="UTF-8"?>
<beans xmlns="http://www.springframework.org/schema/beans"
   xmlns:xsi="http://www.w3.org/2001/XMLSchema-instance"
   xmlns:mybatis-spring="http://mybatis.org/schema/mybatis-spring"
   xmlns:context="http://www.springframework.org/schema/context"
   xmlns:tx="http://www.springframework.org/schema/tx"
   xsi:schemaLocation="http://mybatis.org/schema/mybatis-spring http://mybatis.org/schema/mybatis-spring-1.2.xsd
      http://www.springframework.org/schema/beans https://www.springframework.org/schema/beans/spring-beans.xsd
      http://www.springframework.org/schema/context http://www.springframework.org/schema/context/spring-context-4.3.xsd
      http://www.springframework.org/schema/tx http://www.springframework.org/schema/tx/spring-tx-4.3.xsd">

   <!-- Root Context: defines shared resources visible to all other web components -->
   <bean id="dataSource"
      class="org.springframework.jdbc.datasource.DriverManagerDataSource">
      <property name="driverClassName"
         value="net.sf.log4jdbc.DriverSpy" />
      <property name="url"
         value="jdbc:log4jdbc:oracle:thin:@127.0.0.1:1521:xe" />
      <property name="username" value="uricar" />
      <property name="password" value="1234" />
   </bean>

   <bean id="sqlSessionFactory"
      class="org.mybatis.spring.SqlSessionFactoryBean">
      <property name="dataSource" ref="dataSource" />
   </bean>

   <!-- 트랜잭션 처리용 bean -->
   <bean id="transactionManager"
      class="org.springframework.jdbc.datasource.DataSourceTransactionManager">
      <property name="dataSource" ref="dataSource"/>
   </bean>
   
   <tx:annotation-driven/>

   <mybatis-spring:scan base-package="com.media.dao" />

   <context:component-scan base-package="com.media.service" />
<!-- Gmail -->



<bean class="org.springframework.mail.javamail.JavaMailSenderImpl" id="mailSender">

<property value="smtp.gmail.com" name="host"/>

<property value="587" name="port"/>

<property value="qddqpddp@gmail.com" name="username"/>

<property value="whddls@9331" name="password"/>


<property name="javaMailProperties">

<props>

<prop key="mail.smtp.auth">true</prop>

<prop key="mail.smtp.starttls.enable">true</prop>

</props>

</property>

</bean>

<bean class="com.media.email.Email" id="com.media.email"> </bean>

<bean class="com.media.email.EmailSender" id="com.media.emailSender"> </bean>
</beans>