<?xml version="1.0" encoding="UTF-8"?>
<!DOCTYPE mapper 
	PUBLIC "-//mybatis.org//DTD Mapper 3.0//EN"
	"http://mybatis.org/dtd/mybatis-3-mapper.dtd">

<mapper namespace="com.media.dao.BoardDao">
	<select id="getList" parameterType="HashMap"
		resultType="com.media.dto.BoardDto">
		<![CDATA[
		SELECT * FROM BLIST_1
		WHERE RONUM >= (${pageNum}*${cnt})-(${cnt}-1)
			AND RONUM <= ${pageNum}*${cnt}
		]]>
	</select>
	
	<select id="getBoardCount" resultType="Integer">
		SELECT COUNT(*) FROM BLIST_1
	</select>
	
	<select id="getBoardcontents" parameterType="Integer"
		resultType="com.media.dto.BoardDto">
		SELECT * FROM BLIST_1
		WHERE BOARD_SEQ = #{board_seq}
	</select>
	
	<select id="getReplyList" parameterType="Integer"
		resultType="com.media.dto.ReplyDto">
		SELECT * FROM RLIST
		WHERE BOARD_SEQ=#{board_seq}
	</select>
	
	<!-- selectKey 구문
		시퀀스를 먼저 다음 번호로 바꾸고
		그 시퀀스를 활용할 수 있도록 묶어서 작업하는 구문.
		DTO의 해당 변수이름을 같이 지정하면
		selectKey 구분이 실행되면서
		해당 변수에 실행된 결과값이 저장되어,
		이후 프로그램쪽에서 값을 사용할 수 있음.
	 -->
	<insert id="boardInsert" 
		parameterType="com.media.dto.BoardDto"
		useGeneratedKeys="true"
		keyProperty="board_seq">
		<selectKey keyProperty="board_seq"
			resultType="int" order="BEFORE">
			SELECT BOARD_SEQ.NEXTVAL FROM DUAL
		</selectKey>
		INSERT INTO B (board_seq, category, title, b_content, bid)
		VALUES(${board_seq},#{category},#{title},#{b_content}, #{bid})
	</insert>
	
 	<insert id="fileInsert" parameterType="HashMap">
		INSERT INTO BF
		VALUES(BF_SEQ.NEXTVAL,#{bf_num},
			#{bf_oriFileName},#{bf_sysFileName},#{board_seq})
	</insert>
	
  	<select id="getBfList" parameterType="Integer"
		resultType="com.media.dto.BfileDto">
		SELECT * FROM BF WHERE BOARD_SEQ=#{board_seq}
	</select>
	 
 	<select id="getOriName" parameterType="String"
		resultType="String">
		SELECT BF_ORINAME FROM BF
		WHERE BF_SYSNAME=#{sysFileName}
	</select>
	
	<insert id="replyInsert" 
		parameterType="com.media.dto.ReplyDto">
		INSERT INTO R (reply_seq, r_content, board_seq, mid)
		VALUES(REPLY_SEQ.NEXTVAL, #{r_content}, #{board_seq}, #{mid})
	</insert>
	
	<update id="boardUpdate" 
		parameterType="com.media.dto.BoardDto">
		UPDATE B SET 
			TITLE=#{title}, 
			B_CONTENT=#{b_content}, 
			REG_DATE=sysdate,
			CATEGORY=#{category}
 		WHERE BOARD_SEQ=#{board_seq}
	</update>
	
	<delete id="fileDelete" parameterType="Integer">
		DELETE FROM BF WHERE
		BOARD_SEQ=#{board_seq}
	</delete>
	
	<select id="getFileName" 
		parameterType="Integer"
		resultType="String">
		SELECT BF_SYSNAME FROM BF
		WHERE BOARD_SEQ=#{board_seq}
	</select>
	
	<delete id="replyDelete" parameterType="Integer">
		DELETE FROM R WHERE
		BOARD_SEQ=#{board_seq}
	</delete>
	
	<delete id="boardDelete" parameterType="Integer">
		DELETE FROM B WHERE
		BOARD_SEQ=#{board_seq}
	</delete>
	
	<delete id="fDelByName" parameterType="String">
		DELETE FROM BF WHERE
		BF_SYSNAME=#{fname}
	</delete>
	
	<update id="fileUpdate" parameterType="HashMap">
		UPDATE BF SET BF_ORINAME=#{oriFileName}, BF_SYSNAME=#{sysFileName}
		WHERE BF_NUM=#{board_seq}
	</update>
</mapper>